<odoo>
    <data>     

        <!-- Pc Categories -->

        <record id="category_sobremesa" model="shop.pc.category">
            <field name="name">Sobremesa</field>
        </record>

        <record id="category_portatil" model="shop.pc.category">
            <field name="name">Portatil</field>
        </record>        

        <!-- Pc -->

        <record id="Pc_sobremesa_1" model="shop.shop">
            <field name="name">Pc sobremesa 1</field>
            <field name="state">unavalible</field>
            <field name="date_release">2021-01-01</field>
            <field name="category_id" ref="category_sobremesa"/>
        </record>

        <record id="Pc_sobremesa_2" model="shop.shop">
            <field name="name">Pc sobremesa 2</field>
            <field name="state">unavalible</field>
            <field name="date_release">2021-01-02</field>
            <field name="category_id" ref="category_sobremesa"/>
        </record>

    </data>
</odoo>